{
	"credit": "Made with Blockbench",
	"textures": {
		"0": "item/mop",
		"particle": "item/mop"
	},
	"elements": [
		{
			"name": "head",
			"from": [6, -0.5, 6],
			"to": [10, 2.5, 10],
			"faces": {
				"north": {"uv": [2.75, 4.25, 4.75, 6.25], "texture": "#0"},
				"east": {"uv": [0.25, 4.5, 2.25, 6.5], "texture": "#0"},
				"south": {"uv": [6.25, 4.75, 8.25, 6.75], "texture": "#0"},
				"west": {"uv": [4.75, 5, 6.75, 7], "texture": "#0"},
				"up": {"uv": [4.75, 7, 2.75, 5], "texture": "#0"},
				"down": {"uv": [6, 0, 4, 2], "texture": "#0"}
			}
		},
		{
			"name": "head",
			"from": [6, -1.5, 6],
			"to": [10, 4.5, 10],
			"faces": {
				"north": {"uv": [2, 2, 4, 4], "texture": "#0"},
				"east": {"uv": [0, 2, 2, 4], "texture": "#0"},
				"south": {"uv": [6, 2, 8, 4], "texture": "#0"},
				"west": {"uv": [4, 2, 6, 4], "texture": "#0"},
				"up": {"uv": [4, 2, 2, 0], "texture": "#0"},
				"down": {"uv": [6, 4.5, 4, 6.5], "texture": "#0"}
			}
		},
		{
			"from": [7.8, 2, 7.7],
			"to": [8.3, 21, 8.2],
			"faces": {
				"north": {"uv": [10, 2.5, 10.5, 7.25], "texture": "#0"},
				"east": {"uv": [10, 2.25, 10.25, 16], "texture": "#0"},
				"south": {"uv": [10.5, 3, 9.75, 16], "texture": "#0"},
				"west": {"uv": [10, 4, 10.5, 16], "texture": "#0"},
				"up": {"uv": [9.75, 5.75, 10.25, 6.25], "texture": "#0"},
				"down": {"uv": [9.75, 1.75, 10.5, 2.5], "texture": "#0"}
			}
		}
	],
	"display": {
		"thirdperson_righthand": {
			"rotation": [-110, 30, 180],
			"translation": [0.25, -1, -0.5],
			"scale": [1.26, 1.26, 1.26]
		},
		"firstperson_righthand": {
			"rotation": [7, 6, 5],
			"translation": [3.5, 0.75, 0],
			"scale": [0.92, 1.08, 1]
		},
		"ground": {
			"scale": [0, 0, 0]
		},
		"gui": {
			"rotation": [1, 35, 50],
			"translation": [1.5, -1, 1],
			"scale": [0.9, 0.9, 0.9]
		},
		"head": {
			"translation": [0, -33.75, 0.5],
			"scale": [1.74, 1.74, 1.74]
		},
		"fixed": {
			"rotation": [-75, 0, 0],
			"translation": [0, 7.25, -23.75],
			"scale": [3.34, 3.34, 3.34]
		}
	}
}