{
	"credit": "Made with Blockbench",
	"textures": {
		"0": "item/nightwatchposter",
		"particle": "item/nightwatchposter"
	},
	"elements": [
		{
			"from": [-1, 0, -1],
			"to": [17, 0, 11],
			"faces": {
				"north": {"uv": [0, 0, 16, 0], "texture": "#missing"},
				"east": {"uv": [0, 0, 9, 0], "texture": "#missing"},
				"south": {"uv": [0, 0, 16, 0], "texture": "#missing"},
				"west": {"uv": [0, 0, 9, 0], "texture": "#missing"},
				"up": {"uv": [0, 0, 16, 16], "texture": "#0"},
				"down": {"uv": [0, 0, 16, 9], "texture": "#missing"}
			}
		}
	],
	"display": {
		"gui": {
			"rotation": [-90, 180, -180],
			"translation": [0, -3, -15]
		},
		"fixed": {
			"rotation": [90, 0, 180],
			"translation": [0, 0, -34],
			"scale": [4, 4, 4]
		}
	}
}