{
	"parent": "item/generated",
	"textures": {
		"layer0": "item/firework_star"
	},
	
	"overrides": [
		{"predicate": {"custom_model_data":1}, "model": "item/scale/cooldown"},
		{"predicate": {"custom_model_data":2}, "model": "item/scale/floor_sign"},
		{"predicate": {"custom_model_data":3}, "model": "item/scale/nightwatch"},
		{"predicate": {"custom_model_data":4}, "model": "item/scale/nightwatchsight"},
		{"predicate": {"custom_model_data":5}, "model": "item/scale/amasti"},
		{"predicate": {"custom_model_data":6}, "model": "item/scale/quintupple"},
		{"predicate": {"custom_model_data":7}, "model": "item/scale/vaixen"},
		{"predicate": {"custom_model_data":8}, "model": "item/scale/empty"},
		{"predicate": {"custom_model_data":9}, "model": "item/scale/watchling"}
	]
}