{
	"parent": "item/generated",
	"textures": {
		"layer0": "item/gunpowder"
	},
	
	"overrides": [
		{"predicate": {"custom_model_data":1}, "model": "item/scale/eyes"},
		{"predicate": {"custom_model_data":2}, "model": "item/scale/posterk"},
		{"predicate": {"custom_model_data":3}, "model": "item/scale/posterj"},
		{"predicate": {"custom_model_data":4}, "model": "item/scale/posternw"},
		{"predicate": {"custom_model_data":5}, "model": "item/scale/mixeda"},
		{"predicate": {"custom_model_data":6}, "model": "item/scale/mixedb"},
		{"predicate": {"custom_model_data":7}, "model": "item/scale/rednote"},
		{"predicate": {"custom_model_data":8}, "model": "item/scale/yellownote"}
	]
}